{"FIRST GENERATION": {"0": 3151.8809523809523, "1": 2731.333333333333, "2": 2471.883333333333, "3": 2351.75, "4": 2112.458333333333, "5": 2112.3654761904763, "6": 2112.1, "7": 2071.3583333333336, "8": 1971.8166666666666, "9": 1851.857142857143, "10": 1753.047619047619, "11": 1651.75}, "FINAL GENERATION": {"0": 3830.7333333333336, "1": 3791.8166666666666, "2": 3790.7333333333336, "3": 3771.9, "4": 3731.825, "5": 3691.9, "6": 3672.4333333333334, "7": 3671.525, "8": 3550.8583333333336, "9": 3470.9833333333336, "10": 3411.9, "11": 3371.6416666666664}}