{"FIRST GENERATION": {"0": 2753.35, "1": 2713.3166666666666, "2": 2712.8166666666666, "3": 2593.35, "4": 2532.85, "5": 2512.4333333333334, "6": 2452.7333333333336, "7": 2332.7166666666667, "8": 2193.383333333333, "9": 2133.1833333333334, "10": 1833.1666666666667, "11": 1492.6333333333332}, "FINAL GENERATION": {"0": 4653.85, "1": 4533.766666666666, "2": 4453.716666666667, "3": 4453.716666666667, "4": 4293.683333333333, "5": 4253.433333333333, "6": 4233.35, "7": 4233.2, "8": 4154.016666666666, "9": 4113.266666666666, "10": 3974.0166666666664, "11": 3774.0166666666664}}