{"FIRST GENERATION": {"0": 2693.383333333333, "1": 2293.2666666666664, "2": 2173.6, "3": 2033.2333333333333, "4": 1953.15, "5": 1873.5166666666667, "6": 1793.7166666666667, "7": 1632.85, "8": 1493.3666666666668, "9": 1453.4666666666667, "10": 1453.3, "11": 1173.0666666666666}, "FINAL GENERATION": {"0": -80884411.12619048, "1": -80884451.17619048, "2": -80884491.12619048, "3": -80884511.37619048, "4": -80884570.62619048, "5": -80884611.0595238, "6": -80884650.87619048, "7": -80884791.62619048, "8": -80884911.00952381, "9": -80885030.47619048, "10": -80885111.12619048, "11": -80885271.17619048}}